<?xml version="1.0" encoding="UTF-8"?>
<!--
Licensed to the Apache Software Foundation (ASF) under one
or more contributor license agreements.  See the NOTICE file
distributed with this work for additional information
regarding copyright ownership.  The ASF licenses this file
to you under the Apache License, Version 2.0 (the
"License"); you may not use this file except in compliance
with the License.  You may obtain a copy of the License at
http://www.apache.org/licenses/LICENSE-2.0
Unless required by applicable law or agreed to in writing,
software distributed under the License is distributed on an
"AS IS" BASIS, WITHOUT WARRANTIES OR CONDITIONS OF ANY
KIND, either express or implied.  See the License for the
specific language governing permissions and limitations
under the License.
-->

<!--    New format for the .xml lookup specification.  Uses table name and value type/class for Concept Factories.  -->
<lookupSpecification>
<dictionaries>
   <dictionary>
      <name>2018umlsradlexTerms</name>
      <implementationName>org.apache.ctakes.dictionary.lookup2.dictionary.UmlsJdbcRareWordDictionary</implementationName>
      <properties>
<!-- urls for hsqldb memory connections must be file types in hsql 1.8.
These file urls must be either absolute path or relative to current working directory.
They cannot be based upon the classpath.
Though JdbcConnectionFactory will attempt to "find" a db based upon the parent dir of the url
for the sake of ide ease-of-use, the user should be aware of these hsql limitations.
-->
         <property key="jdbcDriver" value="org.hsqldb.jdbcDriver"/>
         <property key="jdbcUrl" value="jdbc:hsqldb:file:resources/org/apache/ctakes/dictionary/lookup/fast/2018umlsradlex/2018umlsradlex"/>
         <property key="jdbcUser" value="sa"/>
         <property key="jdbcPass" value=""/>
         <property key="rareWordTable" value="cui_terms"/>
         <property key="umlsUrl" value="https://uts-ws.nlm.nih.gov/restful/isValidUMLSUser"/>
         <property key="umlsVendor" value="NLM-6515182895"/>
         <property key="umlsUser" value="CHANGME"/>
         <property key="umlsPass" value="CHANGME"/>
      </properties>
   </dictionary>
</dictionaries>

<conceptFactories>
   <conceptFactory>
      <name>2018umlsradlexConcepts</name>
      <implementationName>org.apache.ctakes.dictionary.lookup2.concept.UmlsJdbcConceptFactory</implementationName>
      <properties>
         <property key="jdbcDriver" value="org.hsqldb.jdbcDriver"/>
         <property key="jdbcUrl" value="jdbc:hsqldb:file:resources/org/apache/ctakes/dictionary/lookup/fast/2018umlsradlex/2018umlsradlex"/>
         <property key="jdbcUser" value="sa"/>
         <property key="jdbcPass" value=""/>
         <property key="umlsUrl" value="https://uts-ws.nlm.nih.gov/restful/isValidUMLSUser"/>
         <property key="umlsVendor" value="NLM-6515182895"/>
         <property key="umlsUser" value="CHANGME"/>
         <property key="umlsPass" value="CHANGME"/>
         <property key="tuiTable" value="tui"/>
         <property key="prefTermTable" value="prefTerm"/>
<!-- Optional tables for optional term info.
Uncommenting these lines alone may not persist term information;
persistence depends upon the TermConsumer.  -->
         <property key="rxnormTable" value="long"/>
         <property key="snomedct_usTable" value="long"/>
         <property key="radlex_engTable" value="text"/>
      </properties>
   </conceptFactory>
</conceptFactories>

<!--  Defines what terms and concepts will be used  -->
<dictionaryConceptPairs>
   <dictionaryConceptPair>
      <name>2018umlsradlexPair</name>
      <dictionaryName>2018umlsradlexTerms</dictionaryName>
      <conceptFactoryName>2018umlsradlexConcepts</conceptFactoryName>
   </dictionaryConceptPair>
</dictionaryConceptPairs>

<!-- DefaultTermConsumer will persist all spans.
PrecisionTermConsumer will only persist only the longest overlapping span of any semantic group.
SemanticCleanupTermConsumer works as Precision** but also removes signs/sympoms contained within disease/disorder,
and (just in case) removes any s/s and d/d that are also (exactly) anatomical sites. -->
<rareWordConsumer>
   <name>Term Consumer</name>
   <implementationName>org.apache.ctakes.dictionary.lookup2.consumer.DefaultTermConsumer</implementationName>
   <!--<implementationName>org.apache.ctakes.dictionary.lookup2.consumer.PrecisionTermConsumer</implementationName>-->
   <!--<implementationName>org.apache.ctakes.dictionary.lookup2.consumer.SemanticCleanupTermConsumer</implementationName>-->
   <properties>
<!-- Depending upon the consumer, the value of codingScheme may or may not be used.  With the packaged consumers,
codingScheme is a default value used only for cuis that do not have secondary codes (snomed, rxnorm, etc.)  -->
         <property key="codingScheme" value="2018umlsradlex"/>
   </properties>
</rareWordConsumer>

</lookupSpecification>
